substrate	carbon_class	candidate_number	reaction_code	reaction_id	pathway_count	step_min	step_q1	step_median	step_mean	step_q3	step_max	single_reaction_pathway_count	single_reaction_step_median	le20_pathway_denominator	le20_occurrence_count	le20_occurrence_percent
co2	C2	1	01_CCR	RXN-8957	726	12.0	36.0	45.0	46.59779614325069	57.0	81.0	6	58.0	407	31	7.616707616707616
co2	C3	1	01_CCR	RXN-8957	847	17.0	26.0	31.0	36.24085005903188	46.0	79.0	7	56.0	598	36	6.0200668896321075
co2	C4	1	01_CCR	RXN-8957	1089	18.0	38.0	49.0	49.71349862258953	61.0	83.0	9	56.0	296	11	3.7162162162162162
co2	C2	2	02_CCR	RXN-18384	726	8.0	27.0	33.0	33.99862258953168	41.0	83.0	6	18.5	407	70	17.1990171990172
co2	C3	2	02_CCR	RXN-18384	847	12.0	23.0	26.0	29.817001180637543	38.0	66.0	7	23.0	598	93	15.551839464882944
co2	C4	2	02_CCR	RXN-18384	1089	13.0	30.0	35.0	36.258034894398534	41.0	81.0	9	23.0	296	43	14.527027027027026
co2	C2	3	03_ACC	ACETYL-COA-CARBOXYLTRANSFER-RXN	726	12.0	31.0	38.0	41.34848484848485	49.75	81.0	6	37.5	407	39	9.582309582309582
co2	C3	3	03_ACC	ACETYL-COA-CARBOXYLTRANSFER-RXN	847	11.0	23.0	28.0	33.55489964580874	43.0	80.0	7	38.0	598	145	24.247491638795985
co2	C4	3	03_ACC	ACETYL-COA-CARBOXYLTRANSFER-RXN	1089	14.0	33.0	40.0	44.907254361799815	57.0	85.0	9	41.0	296	35	11.824324324324325
co2	C2	4	04_RBC	RIBULOSE-BISPHOSPHATE-CARBOXYLASE-RXN	726	14.0	34.0	38.0	40.82231404958678	46.0	82.0	6	21.0	407	6	1.4742014742014742
co2	C3	4	04_RBC	RIBULOSE-BISPHOSPHATE-CARBOXYLASE-RXN	847	13.0	38.0	42.0	42.896103896103895	48.0	77.0	7	17.0	598	16	2.6755852842809364
co2	C4	4	04_RBC	RIBULOSE-BISPHOSPHATE-CARBOXYLASE-RXN	1089	13.0	35.0	40.0	42.16161616161616	47.0	81.0	9	20.0	296	8	2.7027027027027026
co2	C2	5	05_PCC	PROPIONYL-COA-CARBOXY-RXN	726	6.0	25.0	32.0	32.633608815426996	39.0	74.0	6	16.5	407	87	21.375921375921376
co2	C3	5	05_PCC	PROPIONYL-COA-CARBOXY-RXN	847	13.0	23.0	26.0	29.425029515938608	37.0	60.0	7	22.0	598	115	19.23076923076923
co2	C4	5	05_PCC	PROPIONYL-COA-CARBOXY-RXN	1089	9.0	28.0	34.0	35.64462809917355	41.0	78.0	9	22.0	296	54	18.243243243243242
co2	C2	6	06_PPC	PEPCARBOX-RXN	726	6.0	25.0	32.0	32.929752066115704	39.0	76.0	6	16.5	407	88	21.62162162162162
co2	C3	6	06_PPC	PEPCARBOX-RXN	847	13.0	23.0	26.0	29.107438016528924	35.0	58.0	7	23.0	598	116	19.39799331103679
co2	C4	6	06_PPC	PEPCARBOX-RXN	1089	9.0	29.0	35.0	35.627180899908176	40.0	85.0	9	22.0	296	52	17.56756756756757
co2	C2	7	07_CFI	RXN-8457	726	5.0	26.25	33.0	34.951790633608816	43.75	83.0	6	21.5	407	57	14.004914004914005
co2	C3	7	07_CFI	RXN-8457	847	9.0	23.0	27.0	30.430932703659977	38.5	62.0	7	26.0	598	104	17.391304347826086
co2	C4	7	07_CFI	RXN-8457	1089	8.0	29.0	36.0	36.91827364554637	42.0	83.0	9	24.0	296	39	13.175675675675675
co2	C2	8	08_PYC	PYRUVATE-CARBOXYLASE-RXN	726	5.0	25.0	32.0	32.490358126721766	39.0	81.0	6	15.5	407	99	24.324324324324323
co2	C3	8	08_PYC	PYRUVATE-CARBOXYLASE-RXN	847	12.0	22.0	26.0	28.825265643447462	35.0	58.0	7	23.0	598	128	21.40468227424749
co2	C4	8	08_PYC	PYRUVATE-CARBOXYLASE-RXN	1089	8.0	28.0	34.0	35.33241505968779	41.0	83.0	9	21.0	296	62	20.945945945945947
co2	C2	9	09_PFOR	PYRUVATE-DEHYDROGENASE-NADP+-RXN	726	5.0	28.0	36.0	37.205234159779614	44.75	83.0	6	25.0	407	55	13.513513513513514
co2	C3	9	09_PFOR	PYRUVATE-DEHYDROGENASE-NADP+-RXN	847	8.0	20.0	24.0	28.726092089728454	37.0	80.0	7	17.0	598	256	42.80936454849498
co2	C4	9	09_PFOR	PYRUVATE-DEHYDROGENASE-NADP+-RXN	1089	8.0	30.0	37.0	39.44444444444444	46.0	81.0	9	23.0	296	57	19.256756756756758
co2	C2	10	10_ICC	ISOCITDEH-RXN	726	4.0	26.0	33.0	34.41046831955923	42.0	81.0	6	21.5	407	65	15.97051597051597
co2	C3	10	10_ICC	ISOCITDEH-RXN	847	8.0	23.0	26.0	29.612750885478157	37.5	61.0	7	24.0	598	128	21.40468227424749
co2	C4	10	10_ICC	ISOCITDEH-RXN	1089	7.0	29.0	35.0	36.1900826446281	42.0	79.0	9	24.0	296	53	17.905405405405407
co2	C2	11	11_KOR	OXOGLUTARATE-DEHYDROGENASE-NADP+-RXN	726	4.0	30.0	39.0	41.28650137741047	51.0	77.0	6	35.0	407	49	12.039312039312039
co2	C3	11	11_KOR	OXOGLUTARATE-DEHYDROGENASE-NADP+-RXN	847	8.0	20.0	28.0	32.71310507674144	42.0	78.0	7	36.0	598	232	38.79598662207358
co2	C4	11	11_KOR	OXOGLUTARATE-DEHYDROGENASE-NADP+-RXN	1089	7.0	31.0	41.0	43.26078971533517	54.0	81.0	9	37.0	296	48	16.216216216216218
co2	C2	12	12_ECH	RXN-13029	726	14.0	37.0	45.0	46.67493112947658	57.0	83.0	6	35.0	407	28	6.87960687960688
co2	C3	12	12_ECH	RXN-13029	847	18.0	27.0	31.0	36.7331759149941	46.0	80.0	7	27.0	598	27	4.51505016722408
co2	C4	12	12_ECH	RXN-13029	1089	19.0	37.0	44.0	47.825528007346186	58.0	85.0	9	36.0	296	8	2.7027027027027026
co2	C2	13	13_GCD	GLUTACONYL-COA-DECARBOXYLASE-RXN	726	11.0	37.0	47.0	47.680440771349865	58.0	83.0	6	39.0	407	29	7.125307125307125
co2	C3	13	13_GCD	GLUTACONYL-COA-DECARBOXYLASE-RXN	847	15.0	26.0	33.0	37.20661157024794	48.0	78.0	7	40.0	598	45	7.525083612040134
co2	C4	13	13_GCD	GLUTACONYL-COA-DECARBOXYLASE-RXN	1089	16.0	38.0	49.0	48.803489439853074	59.0	81.0	9	42.0	296	14	4.72972972972973
co2	C2	14	14_GCV	GCVMULTI-RXN-GLY/THF/NAD//METHYLENE-THF/AMMONIUM/CARBON-DIOXIDE/NADH.56.	726	9.0	29.0	35.0	35.36776859504132	42.0	79.0	6	19.0	407	59	14.496314496314497
co2	C3	14	14_GCV	GCVMULTI-RXN-GLY/THF/NAD//METHYLENE-THF/AMMONIUM/CARBON-DIOXIDE/NADH.56.	847	12.0	22.0	27.0	29.100354191263282	34.0	56.0	7	19.0	598	136	22.74247491638796
co2	C4	14	14_GCV	GCVMULTI-RXN-GLY/THF/NAD//METHYLENE-THF/AMMONIUM/CARBON-DIOXIDE/NADH.56.	1089	11.0	32.0	37.0	37.79522497704316	44.0	77.0	9	21.0	296	43	14.527027027027026
co2	C2	15	15_OFOR	2-OXOBUTYRATE-SYNTHASE-RXN	726	9.0	29.0	38.0	39.22727272727273	48.0	78.0	6	37.5	407	41	10.073710073710073
co2	C3	15	15_OFOR	2-OXOBUTYRATE-SYNTHASE-RXN	847	12.0	22.0	27.0	30.48051948051948	36.5	74.0	7	28.0	598	129	21.57190635451505
co2	C4	15	15_OFOR	2-OXOBUTYRATE-SYNTHASE-RXN	1089	10.0	32.0	40.0	41.38475665748393	51.0	78.0	9	39.0	296	37	12.5
co2	C2	16	16_GND	RXN-9952	726	18.0	36.0	41.0	43.15977961432507	47.0	83.0	6	25.5	407	4	0.9828009828009828
co2	C3	16	16_GND	RXN-9952	847	17.0	38.0	43.0	43.811097992916174	49.0	78.0	7	17.0	598	14	2.3411371237458196
co2	C4	16	16_GND	RXN-9952	1089	17.0	37.0	42.0	44.98347107438016	50.0	81.0	9	24.0	296	4	1.3513513513513513
formaldehyde	C2	1	01_FLS	FLS	5	9.0	11.0	16.0	15.0	18.0	21.0	5	16.0	48	4	8.333333333333334
formaldehyde	C3	1	01_FLS	FLS	5	4.0	6.0	6.0	7.2	7.0	13.0	5	6.0	42	5	11.904761904761905
formaldehyde	C4	1	01_FLS	FLS	8	10.0	12.75	14.5	16.25	21.25	23.0	8	14.5	40	5	12.5
formaldehyde	C2	2	02_RMP	R10-RXN	112	8.0	26.75	30.0	26.785714285714285	31.0	33.0	5	10.0	48	22	45.833333333333336
formaldehyde	C3	2	02_RMP	R10-RXN	60	10.0	21.0	25.0	24.066666666666666	30.0	33.0	5	12.0	42	10	23.80952380952381
formaldehyde	C4	2	02_RMP	R10-RXN	205	10.0	30.0	33.0	35.326829268292684	36.0	63.0	8	11.5	40	21	52.5
formaldehyde	C2	3	03_FTK	FORMALDEHYDE-TRANSKETOLASE-RXN	116	8.0	27.0	29.0	27.17241379310345	31.0	59.0	5	11.0	48	22	45.833333333333336
formaldehyde	C3	3	03_FTK	FORMALDEHYDE-TRANSKETOLASE-RXN	70	10.0	20.0	21.0	23.257142857142856	30.0	31.0	5	12.0	42	32	76.19047619047619
formaldehyde	C4	3	03_FTK	FORMALDEHYDE-TRANSKETOLASE-RXN	194	10.0	30.0	32.0	33.84020618556701	35.0	66.0	8	11.5	40	22	55.0
formaldehyde	C2	8	08_FC1	RXN-2881-FORMALDEHYDE/CPD-12994//CPD-12998/WATER.40.	86	16.0	24.0	27.5	27.0	30.0	32.0	5	24.0	48	5	10.416666666666666
formaldehyde	C3	8	08_FC1	RXN-2881-FORMALDEHYDE/CPD-12994//CPD-12998/WATER.40.	58	20.0	21.0	26.0	25.086206896551722	28.0	30.0	5	25.0	42	10	23.80952380952381
formaldehyde	C4	8	08_FC1	RXN-2881-FORMALDEHYDE/CPD-12994//CPD-12998/WATER.40.	158	18.0	30.0	33.0	34.54430379746835	35.0	62.0	8	29.5	40	2	5.0
formaldehyde	C2	9	09_FC2	RXN-2881-FORMALDEHYDE/CPD-12995//CPD-12997/WATER.40.	85	16.0	24.0	27.0	26.96470588235294	30.0	32.0	5	24.0	48	5	10.416666666666666
formaldehyde	C3	9	09_FC2	RXN-2881-FORMALDEHYDE/CPD-12995//CPD-12997/WATER.40.	58	20.0	21.0	26.0	25.17241379310345	28.0	30.0	5	25.0	42	8	19.047619047619047
formaldehyde	C4	9	09_FC2	RXN-2881-FORMALDEHYDE/CPD-12995//CPD-12997/WATER.40.	158	18.0	30.0	33.0	34.34177215189873	35.0	65.0	8	29.5	40	2	5.0
formaldehyde	C2	10	10_FC3	RXN-2881-FORMALDEHYDE/CPD-1301//CPD-12996/WATER.39.	86	16.0	24.0	27.5	27.058139534883722	30.0	32.0	5	24.0	48	5	10.416666666666666
formaldehyde	C3	10	10_FC3	RXN-2881-FORMALDEHYDE/CPD-1301//CPD-12996/WATER.39.	58	20.0	21.0	26.0	25.20689655172414	28.0	30.0	5	25.0	42	8	19.047619047619047
formaldehyde	C4	10	10_FC3	RXN-2881-FORMALDEHYDE/CPD-1301//CPD-12996/WATER.39.	161	18.0	30.0	33.0	34.77018633540373	35.0	66.0	8	29.5	40	2	5.0
formaldehyde	C2	11	11_H4F	RXN-2881-FORMALDEHYDE/THF//METHYLENE-THF/WATER.38.	86	16.0	24.0	27.5	27.38372093023256	30.0	59.0	5	24.0	48	5	10.416666666666666
formaldehyde	C3	11	11_H4F	RXN-2881-FORMALDEHYDE/THF//METHYLENE-THF/WATER.38.	58	20.0	21.0	26.0	25.20689655172414	28.0	30.0	5	25.0	42	8	19.047619047619047
formaldehyde	C4	11	11_H4F	RXN-2881-FORMALDEHYDE/THF//METHYLENE-THF/WATER.38.	161	18.0	30.0	33.0	34.83229813664596	35.0	64.0	8	29.5	40	2	5.0
formaldehyde	C2	12	12_H4M	RXN-2882	86	16.0	24.25	27.0	27.38372093023256	30.0	59.0	5	24.0	48	5	10.416666666666666
formaldehyde	C3	12	12_H4M	RXN-2882	58	20.0	21.0	26.0	25.20689655172414	28.0	30.0	5	25.0	42	8	19.047619047619047
formaldehyde	C4	12	12_H4M	RXN-2882	161	18.0	30.0	33.0	34.77639751552795	35.0	64.0	8	29.5	40	2	5.0
formaldehyde	C2	13	13_KPA	KETOPANTOALDOLASE-RXN	80	17.0	25.0	27.5	28.1125	31.0	59.0	5	25.0	48	4	8.333333333333334
formaldehyde	C3	13	13_KPA	KETOPANTOALDOLASE-RXN	50	20.0	25.0	27.0	26.64	29.0	33.0	5	26.0	42	2	4.761904761904762
formaldehyde	C4	13	13_KPA	KETOPANTOALDOLASE-RXN	106	19.0	29.0	32.0	36.424528301886795	36.75	66.0	6	42.0	40	1	2.5
formate	C2	1	01_FDR	FORMALDEHYDE-DEHYDROGENASE-RXN	110	10.0	26.0	33.0	32.89090909090909	40.0	55.0	5	17.0	10	5	50.0
formate	C3	1	01_FDR	FORMALDEHYDE-DEHYDROGENASE-RXN	110	5.0	24.0	26.5	27.5	34.0	40.0	5	6.0	27	15	55.55555555555556
formate	C4	1	01_FDR	FORMALDEHYDE-DEHYDROGENASE-RXN	176	12.0	29.75	36.0	38.81818181818182	45.0	74.0	8	15.5	9	5	55.55555555555556
formate	C2	2	02_GAR	GARTRANSFORMYL2-RXN	110	22.0	30.0	36.5	36.736363636363635	41.0	62.0	5	25.0	10	0	0.0
formate	C3	2	02_GAR	GARTRANSFORMYL2-RXN	110	17.0	30.0	34.0	33.654545454545456	37.0	45.0	5	37.0	27	1	3.7037037037037037
formate	C4	2	02_GAR	GARTRANSFORMYL2-RXN	176	24.0	35.0	40.0	43.73295454545455	56.0	69.0	8	34.0	9	0	0.0
formate	C2	3	03_AIC	RXN-10066	110	22.0	30.0	36.0	36.40909090909091	40.75	61.0	5	25.0	10	0	0.0
formate	C3	3	03_AIC	RXN-10066	110	17.0	30.0	34.0	33.654545454545456	37.0	45.0	5	36.0	27	1	3.7037037037037037
formate	C4	3	03_AIC	RXN-10066	176	24.0	35.0	40.5	43.88636363636363	56.0	74.0	8	34.0	9	0	0.0
formate	C2	6	06_PFL	PYRUVFORMLY-RXN	110	17.0	33.0	38.5	39.00909090909091	42.75	62.0	5	25.0	10	4	40.0
formate	C3	6	06_PFL	PYRUVFORMLY-RXN	110	17.0	25.0	30.0	28.37272727272727	32.0	37.0	5	17.0	27	12	44.44444444444444
formate	C4	6	06_PFL	PYRUVFORMLY-RXN	176	18.0	35.0	41.0	43.07386363636363	56.0	69.0	8	22.5	9	3	33.333333333333336
formate	C2	7	07_FTL	FORMATETHFLIG-RXN-THF/ATP/FORMATE//10-FORMYL-THF/ADP/Pi.38.	110	21.0	30.0	37.0	37.10909090909091	41.0	62.0	5	24.0	10	0	0.0
formate	C3	7	07_FTL	FORMATETHFLIG-RXN-THF/ATP/FORMATE//10-FORMYL-THF/ADP/Pi.38.	110	23.0	31.0	33.5	33.972727272727276	37.0	45.0	5	33.0	27	0	0.0
formate	C4	7	07_FTL	FORMATETHFLIG-RXN-THF/ATP/FORMATE//10-FORMYL-THF/ADP/Pi.38.	176	23.0	34.75	40.0	43.56818181818182	57.0	67.0	8	31.5	9	0	0.0
formate	C2	8	08_LAL	LACTATE-ALDOLASE-RXN	110	19.0	35.0	40.0	37.88181818181818	42.0	49.0	5	28.0	10	3	30.0
formate	C3	8	08_LAL	LACTATE-ALDOLASE-RXN	110	19.0	26.0	31.0	29.581818181818182	33.75	37.0	5	19.0	27	10	37.03703703703704
formate	C4	8	08_LAL	LACTATE-ALDOLASE-RXN	176	19.0	35.0	42.0	43.44318181818182	50.25	74.0	8	24.0	9	2	22.22222222222222
formate	C2	10	10_MFL	FORMATETHFLIG-RXN-CPD-1301/ATP/FORMATE//CPD-17116/ADP/Pi.39.	110	21.0	30.0	35.5	35.95454545454545	40.0	61.0	5	23.0	10	0	0.0
formate	C3	10	10_MFL	FORMATETHFLIG-RXN-CPD-1301/ATP/FORMATE//CPD-17116/ADP/Pi.39.	110	23.0	29.0	33.0	33.07272727272727	37.0	44.0	5	34.0	27	0	0.0
formate	C4	10	10_MFL	FORMATETHFLIG-RXN-CPD-1301/ATP/FORMATE//CPD-17116/ADP/Pi.39.	176	23.0	34.0	39.0	42.97727272727273	56.0	72.0	8	32.0	9	0	0.0
methanol	C2	1	01_MTA	RXN-8095	110	19.0	26.0	28.0	29.045454545454547	32.0	42.0	5	28.0	72	12	16.666666666666668
methanol	C3	1	01_MTA	RXN-8095	110	14.0	17.0	21.0	20.40909090909091	22.0	28.0	5	19.0	213	47	22.065727699530516
methanol	C4	1	01_MTA	RXN-8095	176	20.0	28.0	33.0	31.795454545454547	36.0	42.0	8	33.0	85	3	3.5294117647058822
methanol	C2	2	02_MTB	METHTRANSBARK-RXN	110	17.0	24.0	27.0	27.772727272727273	32.0	43.0	5	25.0	72	15	20.833333333333332
methanol	C3	2	02_MTB	METHTRANSBARK-RXN	110	12.0	17.0	19.0	19.154545454545456	21.75	28.0	5	17.0	213	69	32.394366197183096
methanol	C4	2	02_MTB	METHTRANSBARK-RXN	176	18.0	25.0	32.0	30.4375	35.0	43.0	8	30.0	85	16	18.823529411764707
methanol	C2	3	03_MCM	MTAMBARKMULTI-RXN	110	18.0	25.25	28.0	28.7	32.0	43.0	5	27.0	72	12	16.666666666666668
methanol	C3	3	03_MCM	MTAMBARKMULTI-RXN	110	13.0	17.0	20.0	19.672727272727272	22.0	27.0	5	18.0	213	66	30.985915492957748
methanol	C4	3	03_MCM	MTAMBARKMULTI-RXN	176	19.0	26.0	32.0	31.039772727272727	36.0	43.0	8	31.0	85	9	10.588235294117647
methanol	C2	4	04_ADH	RXN-11451	110	10.0	19.0	25.0	24.663636363636364	30.0	38.0	5	19.0	72	35	48.611111111111114
methanol	C3	4	04_ADH	RXN-11451	110	5.0	14.0	18.0	16.9	20.0	26.0	5	11.0	213	83	38.967136150234744
methanol	C4	4	04_ADH	RXN-11451	176	12.0	21.0	27.0	26.676136363636363	33.0	42.0	8	15.5	85	42	49.411764705882355
methanol	C2	5	05_MOX	METHANOL-OXIDASE-RXN	110	10.0	19.25	26.0	25.272727272727273	31.0	40.0	5	18.0	72	35	48.611111111111114
methanol	C3	5	05_MOX	METHANOL-OXIDASE-RXN	110	5.0	14.0	18.0	16.863636363636363	20.0	26.0	5	11.0	213	84	39.436619718309856
methanol	C4	5	05_MOX	METHANOL-OXIDASE-RXN	176	12.0	21.0	27.0	26.744318181818183	33.0	43.0	8	15.5	85	42	49.411764705882355
methanol	C2	6	06_MDH	METHANOL-DEHYDROGENASE-RXN	110	10.0	19.25	25.0	25.12727272727273	31.0	40.0	5	17.0	72	35	48.611111111111114
methanol	C3	6	06_MDH	METHANOL-DEHYDROGENASE-RXN	110	5.0	14.0	18.0	16.854545454545455	20.0	26.0	5	11.0	213	85	39.906103286384976
methanol	C4	6	06_MDH	METHANOL-DEHYDROGENASE-RXN	176	12.0	21.0	27.0	26.77840909090909	33.0	43.0	8	15.5	85	42	49.411764705882355
methanol	C2	8	08_CMD	RXN-2861	110	15.0	24.0	29.0	28.69090909090909	32.0	43.0	5	22.0	72	14	19.444444444444443
methanol	C3	8	08_CMD	RXN-2861	110	11.0	18.0	21.0	20.62727272727273	25.0	28.0	5	16.0	213	51	23.943661971830984
methanol	C4	8	08_CMD	RXN-2861	176	17.0	25.0	31.0	30.704545454545453	37.0	43.0	8	20.5	85	22	25.88235294117647
